Dest Post,Protocol,Timestamp,Flow Duration,Flow Bytes/s,Flow Packets/s,Fwd Packets/s,Bwd Packets/s,Total Fwd Packets,Total Backward Packets,Fwd Packets Length Total,Bwd Packets Length Total,Fwd Packet Length Max,Fwd Packet Length Min,Fwd Packet Length Mean,Fwd Packet Length Std,Bwd Packet Length Max,Bwd Packet Length Min,Bwd Packet Length Mean,Bwd Packet Length Std,Packet Length Max,Packet Length Min,Packet Length Mean,Packet Length Std,Packet Length Variance,Fwd Header Length,Bwd Header Length,Fwd Seg Size Min,Avg Fwd Segment Size,Avg Bwd Segment Size,Fwd Act Data Packets,Flow IAT Mean,Flow IAT Max,Flow IAT Min,Flow IAT Std,Fwd IAT Total,Fwd IAT Max,Fwd IAT Min,Fwd IAT Mean,Fwd IAT Std,Bwd IAT Total,Bwd IAT Max,Bwd IAT Min,Bwd IAT Mean,Bwd IAT Std,Fwd PSH Flags,Bwd PSH Flags,Fwd URG Flags,Bwd URG Flags,FIN Flag Count,SYN Flag Count,RST Flag Count,PSH Flag Count,ACK Flag Count,URG Flag Count,CWE Flag Count,ECE Flag Count,Down/Up Ratio,Avg Packet Size,Init Fwd Win Bytes,Init Bwd Win Bytes,win_byts_tot,fwd_win_tot,bwd_win_tot,win_byts_mean,fwd_win_mean,bwd_win_mean,win_byts_std,fwd_win_std,bwd_win_std,win_byts_max,fwd_win_max,bwd_win_max,win_byts_min,fwd_win_min,bwd_win_min,zero_win_cnt,Active Max,Active Min,Active Mean,Active Std,Idle Max,Idle Min,Idle Mean,Idle Std,Subflow Fwd Packets,Subflow Bwd Packets,Subflow Fwd Bytes,Subflow Bwd Bytes,Fwd Avg Bytes/Bulk,Fwd Avg Packets/Bulk,Bwd Avg Bytes/Bulk,Bwd Avg Packets/Bulk,Fwd Avg Bulk Rate,Bwd Avg Bulk Rate,Label,Predict
67,17,2025-04-01 14:01:58,0,0,0,0,0,1,0,350,0,350.0,350.0,350.0,0.0,0.0,0.0,0.0,0.0,350,350,350.0,0.0,0.0,8,0,316,316.0,0,1,0.0,0.0,0.0,0.0,0.0,0.0,0.0,0.0,0.0,0.0,0.0,0.0,0.0,0.0,0,0,0,0,0,0,0,0,0,0,0,0,0.0,350.0,0,0,0,0,0,0,0,0,0,0,0,0,0,0,0,0,0,0,0.0,0.0,0.0,0.0,0.0,0.0,0.0,0.0,0,0,0,0,0.0,0.0,0.0,0.0,0.0,0.0,Syn,Unknow
53,17,2025-04-01 14:01:58,5004,55.7499031579489,0.5994613242790204,0.5994613242790204,0.0,3,0,279,0,93.0,93.0,93.0,0.0,0.0,0.0,0.0,0.0,93,93,93.0,0.0,0.0,24,0,59,59.0,0,3,2502246.4990615845,5003524.7802734375,968.2178497314453,2501278.281211853,5004492.998123169,5003524.7802734375,968.2178497314453,2502246.4990615845,2501278.281211853,0.0,0.0,0.0,0.0,0.0,0,0,0,0,0,0,0,0,0,0,0,0,0.0,93.0,0,0,0,0,0,0,0,0,0,0,0,0,0,0,0,0,0,0,968.2178497314453,968.2178497314453,968.2178497314453,0.0,5003524.7802734375,5003524.7802734375,5003524.7802734375,0.0,3.0,0.0,279.0,0.0,0.0,0.0,0.0,0.0,0.0,0.0,Syn,Unknow
53,17,2025-04-01 14:02:03,0,0,0,0,0,1,0,93,0,93.0,93.0,93.0,0.0,0.0,0.0,0.0,0.0,93,93,93.0,0.0,0.0,8,0,59,59.0,0,1,0.0,0.0,0.0,0.0,0.0,0.0,0.0,0.0,0.0,0.0,0.0,0.0,0.0,0.0,0,0,0,0,0,0,0,0,0,0,0,0,0.0,93.0,0,0,0,0,0,0,0,0,0,0,0,0,0,0,0,0,0,0,0.0,0.0,0.0,0.0,0.0,0.0,0.0,0.0,0,0,0,0,0.0,0.0,0.0,0.0,0.0,0.0,Syn,Unknow
443,6,2025-04-01 14:02:05,2096,1668.981632719225,2.385622688277909,2.385622688277909,0.0,5,0,3498,0,2229.0,105.0,699.6,804.9550546459101,0.0,0.0,0.0,0.0,2229,105,699.6,804.9550546459101,647952.64,160,0,71,665.6,0,5,523972.21326828003,1218260.7650756836,198.12583923339844,537345.1074726578,2095888.8530731201,1218260.7650756836,198.12583923339844,523972.21326828003,537345.1074726578,0.0,0.0,0.0,0.0,0.0,5,0,0,0,0,0,0,5,5,0,0,0,0.0,699.6,614,0,3070,3070,0,614.0,614.0,0,0.0,0.0,0,614,614,0,614,614,0,0,2095888.8530731201,2095888.8530731201,2095888.8530731201,0.0,0.0,0.0,0.0,0.0,5.0,0.0,3498.0,0.0,3055.0,4.0,0.0,0.0,3480.9733664870164,0.0,Syn,Unknow
443,6,2025-04-01 14:02:07,2301,1065.736553440902,0.8692794073743084,0.8692794073743084,0.0,2,0,2452,0,2229.0,223.0,1226.0,1003.0,0.0,0.0,0.0,0.0,2229,223,1226.0,1003.0,1006009.0,64,0,189,1192.0,0,2,2300756.2160491943,2300756.2160491943,2300756.2160491943,0.0,2300756.2160491943,2300756.2160491943,2300756.2160491943,2300756.2160491943,0.0,0.0,0.0,0.0,0.0,0.0,2,0,0,0,0,0,0,2,2,0,0,0,0.0,1226.0,614,0,1228,1228,0,614.0,614.0,0,0.0,0.0,0,614,614,0,614,614,0,0,2300756.2160491943,2300756.2160491943,2300756.2160491943,0.0,0.0,0.0,0.0,0.0,2.0,0.0,2452.0,0.0,0.0,0.0,0.0,0.0,0.0,0.0,Syn,Unknow
53,17,2025-04-01 14:02:08,0,601032.7765793528,6462.718027734977,6462.718027734977,0.0,2,0,186,0,93.0,93.0,93.0,0.0,0.0,0.0,0.0,0.0,93,93,93.0,0.0,0.0,16,0,59,59.0,0,2,309.4673156738281,309.4673156738281,309.4673156738281,0.0,309.4673156738281,309.4673156738281,309.4673156738281,309.4673156738281,0.0,0.0,0.0,0.0,0.0,0.0,0,0,0,0,0,0,0,0,0,0,0,0,0.0,93.0,0,0,0,0,0,0,0,0,0,0,0,0,0,0,0,0,0,0,309.4673156738281,309.4673156738281,309.4673156738281,0.0,0.0,0.0,0.0,0.0,0,0,0,0,0.0,0.0,0.0,0.0,0.0,0.0,Syn,Unknow
443,6,2025-04-01 14:02:12,318,44419.03355966655,12.593106119403657,12.593106119403657,0.0,4,0,14109,0,6098.0,1962.0,3527.25,1677.1674595877419,0.0,0.0,0.0,0.0,6098,1962,3527.25,1677.1674595877419,2812890.6875,80,0,1928,3493.25,0,4,105878.03522745769,229998.11172485352,41186.80953979492,87792.43775188731,317634.10568237305,229998.11172485352,41186.80953979492,105878.03522745769,87792.43775188731,0.0,0.0,0.0,0.0,0.0,4,0,0,0,0,0,0,4,4,0,0,0,0.0,3527.25,251,0,1010,1010,0,252.5,252.5,0,2.0615528128088303,2.0615528128088303,0,255,255,0,250,250,0,0,317634.10568237305,317634.10568237305,317634.10568237305,0.0,0.0,0.0,0.0,0.0,0,0,0,0,13893.0,4.0,0.0,0.0,43739.00582921875,0.0,Syn,Unknow
53,17,2025-04-01 14:02:13,38,15579.294566444974,105.2655038273309,52.63275191366545,52.63275191366545,2,2,186,406,93.0,93.0,93.0,0.0,233.0,173.0,203.0,30.0,233,93,148.0,58.94913061275798,3475.0,16,16,59,59.0,169.0,2,12666.38437906901,37378.07273864746,0.476837158203125,17475.636287399742,620.6035614013672,620.6035614013672,620.6035614013672,620.6035614013672,0.0,0.476837158203125,0.476837158203125,0.476837158203125,0.476837158203125,0.0,0,0,0,0,0,0,0,0,0,0,0,0,1.0,148.0,0,0,0,0,0,0,0,0,0,0,0,0,0,0,0,0,0,0,37999.15313720703,37999.15313720703,37999.15313720703,0.0,0.0,0.0,0.0,0.0,0,0,0,0,0.0,0.0,0.0,0.0,0.0,0.0,Syn,Unknow
80,6,2025-04-01 14:02:13,1294,1114.1341407118375,10.044205152048466,6.1810493243375175,3.8631558277109486,8,5,934,508,309.0,66.0,116.75,86.73342781188808,236.0,66.0,101.6,67.27139065011218,309,66,110.92307692307692,80.15126232362786,6424.224852071007,272,168,32,82.75,67.6,2,107856.551806132,961062.9081726074,36.716461181640625,262781.80520413414,1294278.621673584,961062.9081726074,367.16461181640625,184896.94595336914,322737.436310521,288778.30505371094,241525.65002441406,526.9050598144531,72194.57626342773,99440.8268045749,2,1,0,0,2,0,0,3,11,0,0,0,0.625,110.92307692307692,64240,62643,196081,131489,64592,15083.153846153846,16436.125,12918.4,26635.198553349128,27599.580102954013,24862.300003016615,64240,64240,62643,487,501,487,0,1294278.621673584,1294278.621673584,1294278.621673584,0.0,0.0,0.0,0.0,0.0,0,0,0,0,0.0,0.0,0.0,0.0,0.0,0.0,Syn,Unknow
443,6,2025-04-01 14:02:13,226,24377.92452328553,97.35239417540055,53.101305913854844,44.2510882615457,12,10,1803,3706,583.0,54.0,150.25,154.24284154107986,1506.0,66.0,370.6,497.30618335186625,1506,54,250.4090909090909,370.7158503969545,137430.2417355372,380,328,20,116.25,336.6,4,10761.102040608725,55927.75344848633,10.251998901367188,15870.480199113257,225983.1428527832,102123.97575378418,242.71011352539062,20543.922077525745,29100.637787512107,192518.7110900879,55927.75344848633,300.8842468261719,21390.967898898656,21391.064830630716,4,4,0,0,2,0,2,8,19,0,0,0,0.8333333333333334,250.4090909090909,64240,62643,135980,68980,67000,6180.909090909091,5748.333333333333,6700.0,18109.58329651883,17636.98624261589,18647.666711950857,64240,64240,62643,0,0,483,2,225983.1428527832,225983.1428527832,225983.1428527832,0.0,0.0,0.0,0.0,0.0,0,0,0,0,0.0,0.0,0.0,0.0,0.0,0.0,Syn,Unknow
443,6,2025-04-01 14:06:20,968,11227.159631273742,42.36274110824806,24.797702112145206,17.565038996102853,24,17,3624,7242,583.0,54.0,151.0,155.30775898196458,2602.0,66.0,426.0,675.998259656653,2602,54,265.0243902439024,471.1171201182681,221951.34086853062,748,560,20,117.0,392.0,8,24195.79029083252,252316.47491455078,0.476837158203125,53987.7684682406,967831.6116333008,252316.47491455078,366.44935607910156,42079.63528840438,69282.01375531284,674342.6322937012,279875.5168914795,0.476837158203125,42146.41451835632,65888.4861901497,8,8,0,0,5,0,4,16,35,0,0,0,0.7083333333333334,265.0243902439024,655,62643,270762,138215,132547,6603.951219512195,5758.958333333333,7796.882352941177,18690.38769639418,17633.860847053995,20026.970593742575,64240,64240,62643,0,0,483,4,967831.6116333008,967831.6116333008,967831.6116333008,0.0,0.0,0.0,0.0,0.0,0,0,0,0,0.0,0.0,0.0,0.0,0.0,0.0,Syn,Unknow
53,17,2025-04-01 14:06:20,89,6622.909107397677,44.749385860795115,22.374692930397558,22.374692930397558,2,2,186,406,93.0,93.0,93.0,0.0,233.0,173.0,203.0,30.0,233,93,148.0,58.94913061275798,3475.0,16,16,59,59.0,169.0,2,29795.56719462077,53263.66424560547,352.3826599121094,22010.257950763917,352.3826599121094,352.3826599121094,352.3826599121094,352.3826599121094,0.0,35770.65467834473,35770.65467834473,35770.65467834473,35770.65467834473,0.0,0,0,0,0,0,0,0,0,0,0,0,0,1.0,148.0,0,0,0,0,0,0,0,0,0,0,0,0,0,0,0,0,0,0,89386.7015838623,89386.7015838623,89386.7015838623,0.0,0.0,0.0,0.0,0.0,0,0,0,0,0.0,0.0,0.0,0.0,0.0,0.0,Syn,Unknow
80,6,2025-04-01 14:06:20,1966,2875.8206131526504,25.43173517114123,14.750406399261914,10.681328771879318,29,21,3548,2106,309.0,66.0,122.34482758620689,91.32181665617514,236.0,66.0,100.28571428571429,65.91274380511229,309,66,113.08,82.34217388434678,6780.233600000001,968,712,32,88.34482758620689,66.28571428571429,8,40123.41888583436,205704.4506072998,0.0,64753.64137174784,1928389.072418213,205704.4506072998,460.1478576660156,68871.03830065046,73306.89900096603,1928646.0876464844,240488.76762390137,0.0,96432.30438232422,102803.28821682878,8,4,0,0,8,0,0,12,45,0,0,0,0.7241379310344828,113.08,64240,62643,654247,333236,321011,13084.94,11490.896551724138,15286.238095238095,25180.813000703532,24076.56154329183,26473.234706028157,64240,64240,62643,487,501,487,0,1966047.5254058838,1966047.5254058838,1966047.5254058838,0.0,0.0,0.0,0.0,0.0,0,0,0,0,0.0,0.0,0.0,0.0,0.0,0.0,Syn,Unknow
443,6,2025-04-01 14:06:21,1947,11219.636747912751,43.66616866174835,24.144822671790262,19.521345989958085,47,38,7126,14714,583.0,54.0,151.61702127659575,155.7751452590846,2603.0,66.0,387.2105263157895,649.1837448874077,2603,54,256.94117647058823,464.2697327794334,215546.38477508648,1460,1256,20,117.61702127659575,353.2105263157895,16,23173.655782427108,276069.87953186035,0.0,54933.899953350636,1910482.8834533691,276069.87953186035,90.59906005859375,41532.23659681237,72198.06218584269,1909335.1364135742,317464.82849121094,0.0,51603.652335502,86909.60737630857,16,16,0,0,8,0,8,32,72,0,0,0,0.8085106382978723,256.94117647058823,64240,62643,668701,339514,329187,7867.070588235294,7223.702127659574,8662.815789473685,20295.326114962147,19673.52389327741,21011.758244342574,64240,64240,62643,0,0,483,8,1946587.085723877,1946587.085723877,1946587.085723877,0.0,0.0,0.0,0.0,0.0,0,0,0,0,0.0,0.0,0.0,0.0,0.0,0.0,Syn,Unknow
80,6,2025-04-01 14:06:22,991,3798.0185068284345,31.280173674729404,18.162681488552558,13.117492186176847,18,13,2380,1384,309.0,66.0,132.22222222222223,95.72562385134084,236.0,66.0,106.46153846153847,71.00662524301775,309,66,121.41935483870968,87.15865185471924,7596.630593132152,592,432,32,98.22222222222223,72.46153846153847,6,33034.769694010414,214496.13571166992,0.0,57399.30180389234,991043.0908203125,214496.13571166992,780.3440093994141,58296.65240119485,66051.27045104111,950531.7211151123,273749.82833862305,0.0,79210.9767595927,99428.12758262975,6,3,0,0,4,0,0,9,29,0,0,0,0.7222222222222222,121.41935483870968,502,488,267151,136505,130646,8617.774193548386,7583.611111111111,10049.692307692309,21103.61223583831,20031.05839589802,22425.861754764006,64240,64240,62643,487,501,487,0,991043.0908203125,991043.0908203125,991043.0908203125,0.0,0.0,0.0,0.0,0.0,0,0,0,0,0.0,0.0,0.0,0.0,0.0,0.0,Syn,Unknow
443,6,2025-04-01 14:06:23,1015,16750.877287474337,56.16140258726177,32.514496234730494,23.64690635253127,33,24,9195,7806,2922.0,54.0,278.6363636363636,543.9562603952091,1506.0,66.0,325.25,466.09416519983745,2922,54,298.2631578947368,513.1320929185878,263304.54478301015,1048,784,20,244.63636363636363,291.25,14,18123.78423554557,163415.19355773926,0.476837158203125,35109.56774248062,977239.8471832275,256442.07000732422,155.2104949951172,30538.74522447586,62665.32751319197,971611.2613677979,201696.39587402344,0.476837158203125,42243.96788555643,55097.783833285874,14,9,0,0,6,0,4,23,51,0,0,0,0.7272727272727273,298.2631578947368,502,486,342735,143193,199542,6012.894736842105,4339.181818181818,8314.25,16290.765904134329,15215.90153366187,17401.319684749007,64240,64240,62643,0,0,483,4,1014931.9171905518,1014931.9171905518,1014931.9171905518,0.0,0.0,0.0,0.0,0.0,0,0,0,0,4914.0,6.0,626.0,4.0,217399.84659198785,1833.1543471218401,Syn,Unknow
80,6,2025-04-01 14:06:23,1733,3217.7670879527586,28.276647652382565,16.158084372790036,12.118563279592527,28,21,3478,2098,309.0,66.0,124.21428571428571,92.61068942578048,236.0,66.0,99.9047619047619,66.08645474780583,309,66,113.79591836734694,83.1713205063431,6917.468554768847,928,704,32,90.21428571428571,65.9047619047619,8,36101.63927078247,214098.45352172852,0.0,59435.63715808016,1732878.6849975586,214098.45352172852,803.9474487304688,64180.69203694662,67277.2942051862,1690762.2814178467,299001.69372558594,0.0,84538.11407089233,100848.9571507468,8,4,0,0,8,0,0,12,45,0,0,0,0.75,113.79591836734694,501,487,527851,268996,258855,10772.469387755102,9607.0,12326.42857142857,23267.523696856024,22303.828857716017,24407.12220521166,64240,64240,62643,487,501,487,0,1732878.6849975586,1732878.6849975586,1732878.6849975586,0.0,0.0,0.0,0.0,0.0,0,0,0,0,0.0,0.0,0.0,0.0,0.0,0.0,Syn,Unknow
57008,6,2025-04-01 14:06:24,170,27405.89331332361,100.19358845731212,47.149923979911584,53.04366447740053,8,9,3568,1082,1506.0,66.0,446.0,529.896452148908,331.0,54.0,120.22222222222223,92.8161597254101,1506,54,273.52941176470586,403.9039078568155,163138.36678200692,256,276,32,412.0,86.22222222222223,5,10604.47096824646,60505.15174865723,11.920928955078125,17794.95182435128,169659.61456298828,60505.15174865723,164.031982421875,24237.08779471261,23842.992357006122,169644.11735534668,111822.84355163574,286.8175506591797,21205.514669418335,36586.56469981435,4,3,0,0,2,0,2,7,15,0,0,0,1.125,273.52941176470586,486,502,7607,3871,3736,447.47058823529414,483.875,415.1111111111111,165.74506208492707,1.2686114456365274,222.85393544474343,569,486,569,0,483,0,2,169671.53549194336,169671.53549194336,169671.53549194336,0.0,0.0,0.0,0.0,0.0,0,0,0,0,0.0,0.0,0.0,0.0,0.0,0.0,Syn,Unknow
443,6,2025-04-01 14:06:24,1649,15924.445684177901,50.93106295579286,29.10346454616735,21.827598409625512,48,36,11729,14535,2922.0,54.0,244.35416666666666,461.74147210963434,2601.0,66.0,403.75,592.983294452719,2922,54,312.6666666666667,527.9695908751647,278751.8888888889,1532,1184,20,210.35416666666666,369.75,19,19870.941897472705,259614.2292022705,0.0,47461.02736483322,1552883.8634490967,259614.2292022705,120.87821960449219,33040.08220104461,62480.30092206112,1620654.582977295,292889.3566131592,0.0,46304.41665649414,77672.52267208799,19,15,0,0,6,0,6,34,74,0,0,0,0.75,312.6666666666667,64240,62643,591185,277423,313762,7037.916666666667,5779.645833333333,8715.611111111111,18537.681610200092,17627.36910022024,19560.555146174742,64240,64240,62643,0,0,482,6,1649288.1774902344,1649288.1774902344,1649288.1774902344,0.0,0.0,0.0,0.0,0.0,0,0,0,0,0.0,0.0,0.0,0.0,0.0,0.0,Syn,Unknow
5353,17,2025-04-01 14:06:25,796,1417.9615950713944,7.542348909954226,7.542348909954226,0.0,6,0,1128,0,329.0,84.0,188.0,105.6330125166055,0.0,0.0,0.0,0.0,329,84,188.0,105.6330125166055,11158.333333333334,48,0,50,154.0,0,6,159101.62925720215,265851.7360687256,1814.6038055419922,128386.03145789387,795508.1462860107,265851.7360687256,1814.6038055419922,159101.62925720215,128386.03145789387,0.0,0.0,0.0,0.0,0.0,0,0,0,0,0,0,0,0,0,0,0,0,0.0,188.0,0,0,0,0,0,0,0,0,0,0,0,0,0,0,0,0,0,0,795508.1462860107,795508.1462860107,795508.1462860107,0.0,0.0,0.0,0.0,0.0,0,0,0,0,876.0,6.0,0.0,0.0,1101.182940853317,0.0,Syn,Unknow
37594,6,2025-04-01 14:07:10,461,6351.383748507067,13.028479484117062,10.857066236764219,2.1714132473528434,5,1,579,2346,204.0,66.0,115.8,57.6,2346.0,2346.0,2346.0,0.0,2346,66,487.5,832.8080511138206,693569.25,172,32,32,81.8,2312.0,2,92105.91316223145,165233.85047912598,62.22724914550781,65218.33693255249,460529.5658111572,165296.07772827148,45367.47932434082,115132.3914527893,51680.13982152892,0.0,0.0,0.0,0.0,0.0,2,1,0,0,0,0,0,3,6,0,0,0,0.2,487.5,16385,592,82517,81925,592,13752.833333333334,16385.0,592.0,5885.703594775696,0.0,0.0,16385,16385,592,592,16385,592,0,460529.5658111572,460529.5658111572,460529.5658111572,0.0,0.0,0.0,0.0,0.0,0,0,0,0,0.0,0.0,0.0,0.0,0.0,0.0,Syn,Unknow
80,6,2025-04-01 14:07:10,1730,4668.627029052698,39.8731606640223,23.1148757472593,16.758284916762996,40,29,5097,2982,309.0,66.0,127.425,94.29100898282933,236.0,66.0,102.82758620689656,68.09023878876863,309,66,117.08695652173913,85.14739805234842,7250.079395085067,1328,976,32,93.425,68.82758620689656,12,25448.343333076027,209388.97132873535,0.2384185791015625,50783.2947701033,1730487.34664917,209388.97132873535,287.77122497558594,44371.47042690179,61169.3121764826,1697825.6702423096,258729.9346923828,0.2384185791015625,60636.63108008249,82863.41109006215,12,6,0,0,10,0,0,18,63,0,0,0,0.725,117.08695652173913,64240,62643,789557,402492,387065,11442.855072463768,10062.3,13347.068965517241,23860.939154637537,22759.18629718558,25178.08994279863,64240,64240,62643,487,501,487,0,1730487.34664917,1730487.34664917,1730487.34664917,0.0,0.0,0.0,0.0,0.0,0,0,0,0,0.0,0.0,0.0,0.0,0.0,0.0,Syn,Unknow
443,6,2025-04-01 14:07:10,1836,21768.5440967066,72.45648843440556,41.948493304129535,30.507995130276026,77,56,18334,21624,6098.0,54.0,238.1038961038961,692.1537736287052,2602.0,66.0,386.14285714285717,562.6628154388302,6098,54,300.43609022556393,644.9832468930364,416003.38877268357,2444,1856,20,204.1038961038961,352.14285714285717,28,13905.942440032959,118671.65565490723,0.2384185791015625,22558.654650364806,1749290.7047271729,118671.65565490723,67.23403930664062,23016.982956936485,33313.97272714631,1797516.8228149414,158664.46495056152,0.2384185791015625,32682.124051180752,38807.95584188066,28,22,0,0,10,0,10,50,115,0,0,0,0.7272727272727273,300.43609022556393,64240,62643,1091145,545079,546066,8204.097744360903,7078.948051948052,9751.17857142857,20609.677134587768,19464.329296390883,21993.98361736612,65535,64240,65535,0,0,482,10,1835584.4020843506,1835584.4020843506,1835584.4020843506,0.0,0.0,0.0,0.0,0.0,0,0,0,0,1563.0,5.0,0.0,0.0,575111.6020703571,0.0,Syn,Unknow
123,17,2025-04-01 14:07:11,239,752.2733065561569,8.358592295068409,4.179296147534204,4.179296147534204,1,1,90,90,90.0,90.0,90.0,0.0,90.0,90.0,90.0,0.0,90,90,90.0,0.0,0.0,8,8,56,56.0,56.0,1,239274.7402191162,239274.7402191162,239274.7402191162,0.0,0.0,0.0,0.0,0.0,0.0,0.0,0.0,0.0,0.0,0.0,0,0,0,0,0,0,0,0,0,0,0,0,1.0,90.0,0,0,0,0,0,0,0,0,0,0,0,0,0,0,0,0,0,0,239274.7402191162,239274.7402191162,239274.7402191162,0.0,0.0,0.0,0.0,0.0,0,0,0,0,0.0,0.0,0.0,0.0,0.0,0.0,Syn,Unknow
53,17,2025-04-01 14:07:12,9,33611.363299399636,218.96653615244063,109.48326807622031,109.48326807622031,1,1,92,215,92.0,92.0,92.0,0.0,215.0,215.0,215.0,0.0,215,92,153.5,61.5,3782.25,8,8,58,58.0,181.0,1,9133.81576538086,9133.81576538086,9133.81576538086,0.0,0.0,0.0,0.0,0.0,0.0,0.0,0.0,0.0,0.0,0.0,0,0,0,0,0,0,0,0,0,0,0,0,1.0,153.5,0,0,0,0,0,0,0,0,0,0,0,0,0,0,0,0,0,0,9133.81576538086,9133.81576538086,9133.81576538086,0.0,0.0,0.0,0.0,0.0,0,0,0,0,0.0,0.0,0.0,0.0,0.0,0.0,Syn,Unknow
443,6,2025-04-01 14:07:12,1007,38327.01522173382,87.42974672765057,49.67599245889237,37.7537542687582,50,38,19653,18924,3943.0,54.0,393.06,788.747219583055,2946.0,66.0,498.0,664.1577570997642,3943,54,438.375,739.3631060289783,546657.8025568182,1576,1240,20,359.06,464.0,17,11569.223184695189,119220.49522399902,0.0,22840.34964606528,978015.8996582031,205860.85319519043,61.98883056640625,19959.50815628986,36315.606090832494,983651.6380310059,145676.3744354248,0.0,26585.179406243402,37048.47186702393,17,17,0,0,8,0,6,34,79,0,0,0,0.76,438.375,502,16383,641472,214041,427431,7289.454545454545,4280.82,11248.184210526315,16254.462987766196,15149.53400166487,16801.26423948549,64240,64240,62643,0,0,482,6,1006522.4170684814,1006522.4170684814,1006522.4170684814,0.0,0.0,0.0,0.0,0.0,0,0,0,0,0.0,0.0,5020.0,7.0,0.0,50781.07059047683,Syn,Unknow
80,6,2025-04-01 14:07:12,1851,4458.023855511766,38.90167465723514,22.692643550053834,16.20903110718131,42,30,5203,3048,309.0,66.0,123.88095238095238,92.2360332389918,236.0,66.0,101.6,67.27139065011217,309,66,114.59722222222223,83.48031366772484,6968.962770061728,1392,1008,32,89.88095238095238,67.6,12,26067.88823302363,284122.4670410156,0.0,52821.08737651034,1850820.0645446777,284122.4670410156,689.2681121826172,45141.95279377263,63289.583445407,1795106.1725616455,316816.8067932129,0.0,61900.21284695329,86280.0220138434,12,6,0,0,12,0,0,18,66,0,0,0,0.7142857142857143,114.59722222222223,501,487,791046,403494,387552,10986.75,9607.0,12918.4,23460.743111721047,22303.828857716017,24862.300003016615,64240,64240,62643,487,501,487,0,1850820.0645446777,1850820.0645446777,1850820.0645446777,0.0,0.0,0.0,0.0,0.0,0,0,0,0,0.0,0.0,0.0,0.0,0.0,0.0,Syn,Unknow
443,6,2025-04-01 14:07:13,1003,21284.482233971834,77.7533539832242,43.860866349511085,33.89248763371312,44,34,6960,14392,583.0,54.0,158.1818181818182,158.92326231796628,2603.0,66.0,423.29411764705884,606.8560508357696,2603,54,273.7435897435897,438.2458751366557,192059.44707429322,1372,1112,20,124.18181818181819,389.29411764705884,17,13028.209859674627,119056.46324157715,0.2384185791015625,23461.52896256721,970551.9676208496,119056.46324157715,170.9461212158203,22570.97599118255,33786.26066066899,969665.52734375,151957.51190185547,0.2384185791015625,29383.803858901516,37887.1330291029,17,14,0,0,8,0,6,31,69,0,0,0,0.7727272727272727,273.7435897435897,502,486,446337,211598,234739,5722.2692307692305,4809.045454545455,6904.088235294118,16852.501001847126,16077.202063162358,17736.124802831826,64240,64240,62643,0,0,483,6,1003172.1591949463,1003172.1591949463,1003172.1591949463,0.0,0.0,0.0,0.0,0.0,0,0,0,0,0.0,0.0,0.0,0.0,0.0,0.0,Syn,Unknow
55360,6,2025-04-01 14:07:14,44,22975.81237377576,182.16699602597234,91.08349801298617,91.08349801298617,4,4,769,240,386.0,66.0,192.25,127.61342993588096,66.0,54.0,60.0,6.0,386,54,126.125,111.95137058115903,12533.109375,128,104,32,158.25,26.0,3,6273.678370884487,31691.551208496094,0.476837158203125,10684.241578061801,43903.58924865723,43469.19059753418,0.476837158203125,14634.529749552408,20389.952072864704,37420.98808288574,31756.63948059082,380.9928894042969,12473.662694295248,13781.22359393112,3,0,0,0,2,0,2,3,6,0,0,0,1.0,126.125,483,586,3104,1932,1172,388.0,483.0,293.0,227.92432954820774,0.0,293.0,586,483,586,0,483,0,2,43915.748596191406,43915.748596191406,43915.748596191406,0.0,0.0,0.0,0.0,0.0,0,0,0,0,0.0,0.0,0.0,0.0,0.0,0.0,Syn,Unknow
80,6,2025-04-01 14:07:14,1893,4378.621399417497,38.57117921533454,22.191637356767814,16.37954185856672,42,31,5173,3114,309.0,66.0,123.16666666666667,91.40775122563177,236.0,66.0,100.45161290322581,66.47572378122146,309,66,113.52054794520548,82.52174633923981,6809.838618877839,1392,1040,32,89.16666666666667,66.45161290322581,12,26286.178165011937,306455.6121826172,0.0,55640.60578116397,1892604.8278808594,306455.6121826172,244.61746215820312,46161.09336294779,67432.1348371857,1851311.9220733643,393056.63108825684,0.0,61710.39740244547,96252.54799943735,12,6,0,0,12,0,0,18,67,0,0,0,0.7380952380952381,113.52054794520548,501,487,791533,403494,388039,10842.917808219177,9607.0,12517.387096774193,23331.441599034013,22303.828857716017,24556.43493442942,64240,64240,62643,487,501,487,0,1892604.8278808594,1892604.8278808594,1892604.8278808594,0.0,0.0,0.0,0.0,0.0,0,0,0,0,0.0,0.0,0.0,0.0,0.0,0.0,Syn,Unknow
67,17,2025-04-01 14:11:03,0,0,0,0,0,1,0,350,0,350.0,350.0,350.0,0.0,0.0,0.0,0.0,0.0,350,350,350.0,0.0,0.0,8,0,316,316.0,0,1,0.0,0.0,0.0,0.0,0.0,0.0,0.0,0.0,0.0,0.0,0.0,0.0,0.0,0.0,0,0,0,0,0,0,0,0,0,0,0,0,0.0,350.0,0,0,0,0,0,0,0,0,0,0,0,0,0,0,0,0,0,0,0.0,0.0,0.0,0.0,0.0,0.0,0.0,0.0,0,0,0,0,0.0,0.0,0.0,0.0,0.0,0.0,Syn,Unknow
443,6,2025-04-01 14:11:11,2103,2695.55987258121,1.9019649832994956,1.4264737374746217,0.4754912458248739,3,1,5603,66,5353.0,66.0,1867.6666666666667,2464.973608152608,66.0,66.0,66.0,0.0,5353,66,1417.25,2272.8169058461353,5165696.6875,84,32,32,1833.6666666666667,32.0,2,701029.380162557,1641762.7334594727,32140.97023010254,684663.0850717877,2103088.140487671,1641762.7334594727,461325.40702819824,1051544.0702438354,590218.6632156372,0.0,0.0,0.0,0.0,0.0,2,0,0,0,0,0,0,2,4,0,0,0,0.3333333333333333,1417.25,894,83,1843,1760,83,460.75,586.6666666666666,83.0,315.2232343911216,262.8070690745505,0.0,894,894,83,83,252,83,0,2103088.140487671,2103088.140487671,2103088.140487671,0.0,0.0,0.0,0.0,0.0,3.0,1.0,5603.0,66.0,0.0,0.0,0.0,0.0,0.0,0.0,Syn,Unknow
443,6,2025-04-01 14:11:14,2558,1206.323742605646,3.5181184975537305,1.9545102764187392,1.5636082211349913,5,4,2685,401,2268.0,66.0,537.0,866.5734821698619,164.0,66.0,100.25,40.10221315588455,2268,66,342.8888888888889,681.9148601865264,465007.8765432099,160,128,32,503.0,66.25,3,319773.19717407227,1718590.9748077393,55.55152893066406,540499.5194305395,2558185.577392578,2069744.8253631592,48253.29780578613,639546.3943481445,829077.5520066988,639778.6140441895,399462.6998901367,13898.849487304688,213259.53801472983,157680.5019970516,3,2,0,0,0,0,0,5,9,0,0,0,0.8,342.8888888888889,614,16385,68610,3070,65540,7623.333333333333,614.0,16385.0,7836.672905144264,0.0,0.0,16385,614,16385,614,614,16385,0,2558185.577392578,2558185.577392578,2558185.577392578,0.0,0.0,0.0,0.0,0.0,5.0,4.0,2685.0,401.0,0.0,0.0,0.0,0.0,0.0,0.0,Syn,Unknow
443,6,2025-04-01 14:11:16,2107,2359.1655813393413,3.3227684244216076,1.8987248139552044,1.4240436104664034,4,3,4674,296,2922.0,66.0,1168.5,1158.741882387963,164.0,66.0,98.66666666666667,46.197643037521104,2922,66,710.0,1023.9425207082113,1048458.2857142857,128,96,32,1134.5,64.66666666666667,3,351112.84255981445,1820632.4577331543,127.55393981933594,661383.7482502075,2106677.0553588867,1820632.4577331543,127.55393981933594,702225.6851196289,799393.1823090081,76677.08396911621,76410.29357910156,266.79039001464844,38338.541984558105,38071.75159454346,3,1,0,0,0,0,0,4,7,0,0,0,0.75,710.0,614,16385,51601,2456,49145,7371.571428571428,614.0,16381.666666666666,7802.971519274709,0.0,2.3570226039551585,16385,614,16385,614,614,16380,0,2106677.0553588867,2106677.0553588867,2106677.0553588867,0.0,0.0,0.0,0.0,0.0,4.0,3.0,4674.0,296.0,0.0,0.0,0.0,0.0,0.0,0.0,Syn,Unknow
443,6,2025-04-01 14:11:18,1019,4843.648231337478,7.850321282556691,3.9251606412783455,3.9251606412783455,4,4,4566,370,2922.0,66.0,1141.5,1182.9880599566507,164.0,66.0,92.5,41.4095399636364,2922,66,617.0,987.7692038123075,975688.0,136,136,32,1107.5,58.5,2,145580.93888419014,529984.2357635498,84.63859558105469,180232.2784797977,791280.98487854,529984.2357635498,142.81272888183594,263760.3282928467,216314.7064655709,821413.2785797119,757854.4616699219,614.166259765625,273804.4261932373,343219.6575128099,2,1,0,0,0,0,0,3,7,0,0,0,1.0,617.0,614,16385,180772,66082,114690,22596.5,16520.5,28672.5,25355.80552358769,27550.866170594345,21282.57429800258,65535,64240,65535,614,614,16385,0,1019066.572189331,1019066.572189331,1019066.572189331,0.0,0.0,0.0,0.0,0.0,0,0,0,0,0.0,0.0,0.0,0.0,0.0,0.0,Syn,Unknow
53,17,2025-04-01 14:11:19,66,4686.663153143972,30.53200751233858,15.26600375616929,15.26600375616929,1,1,92,215,92.0,92.0,92.0,0.0,215.0,215.0,215.0,0.0,215,92,153.5,61.5,3782.25,8,8,58,58.0,181.0,1,65505.027770996094,65505.027770996094,65505.027770996094,0.0,0.0,0.0,0.0,0.0,0.0,0.0,0.0,0.0,0.0,0.0,0,0,0,0,0,0,0,0,0,0,0,0,1.0,153.5,0,0,0,0,0,0,0,0,0,0,0,0,0,0,0,0,0,0,65505.027770996094,65505.027770996094,65505.027770996094,0.0,0.0,0.0,0.0,0.0,0,0,0,0,0.0,0.0,0.0,0.0,0.0,0.0,Syn,Unknow
443,6,2025-04-01 14:11:19,1096,8357.181420641618,16.425995367061493,10.038108279870912,6.38788708719058,11,7,3963,5195,2207.0,66.0,360.27272727272725,610.7960663844716,2946.0,66.0,742.1428571428571,1016.4888346757225,2946,66,508.77777777777777,815.1463096725885,664463.5061728394,376,224,32,326.27272727272725,708.1428571428571,4,64460.23548350615,403394.6990966797,0.2384185791015625,108660.50891389891,1095824.0032196045,403394.6990966797,118.01719665527344,109582.40032196045,139171.39764343837,434865.23628234863,189329.1473388672,0.2384185791015625,72477.53938039143,78888.39608777835,4,3,0,0,0,0,0,7,18,0,0,0,0.6363636363636364,508.77777777777777,502,16383,120673,5992,114681,6704.055555555556,544.7272727272727,16383.0,7721.21534383043,47.32689204610632,1.8516401995451028,16385,637,16385,502,502,16381,0,1095824.0032196045,1095824.0032196045,1095824.0032196045,0.0,0.0,0.0,0.0,0.0,0,0,0,0,0.0,0.0,0.0,0.0,0.0,0.0,Syn,Unknow
443,6,2025-04-01 14:11:20,2092,2847.445531020926,6.693122470499154,3.346561235249577,3.346561235249577,7,7,4930,1026,2922.0,66.0,704.2857142857143,1027.6912702454836,531.0,66.0,146.57142857142858,160.6165417053541,2922,66,425.42857142857144,786.5969846919899,618734.8163265305,224,224,32,670.2857142857143,112.57142857142857,5,160899.95090778059,1197243.2136535645,51.4984130859375,316832.40244975884,2091699.3618011475,1555139.3032073975,203.13262939453125,348616.5603001912,552305.2173092287,688956.4990997314,363220.4532623291,259.63783264160156,114826.08318328857,122998.76771714818,5,2,0,0,2,0,0,7,14,0,0,0,1.0,425.42857142857144,614,16385,118947,4252,114695,8496.214285714286,607.4285714285714,16385.0,7888.789135571453,10.390340883410389,0.0,16385,614,16385,591,591,16385,0,2091699.3618011475,2091699.3618011475,2091699.3618011475,0.0,0.0,0.0,0.0,0.0,7.0,7.0,4930.0,1026.0,0.0,0.0,0.0,0.0,0.0,0.0,Syn,Unknow
443,6,2025-04-01 14:11:22,2105,1284.3471554254656,2.37490228444058,1.4249413706643481,0.949960913776232,3,2,2474,230,2229.0,66.0,824.6666666666666,994.0846152225787,164.0,66.0,115.0,49.0,2229,66,540.8,845.4308723958453,714753.36,96,64,32,790.6666666666666,81.0,2,526337.4447822571,1863226.4137268066,1262.664794921875,775388.8744888591,2105349.7791290283,1863226.4137268066,242123.36540222168,1052674.8895645142,810551.5241622925,1262.664794921875,1262.664794921875,1262.664794921875,1262.664794921875,0.0,2,1,0,0,0,0,0,3,5,0,0,0,0.6666666666666666,540.8,614,16385,34612,1842,32770,6922.4,614.0,16385.0,7726.1805466867,0.0,0.0,16385,614,16385,614,614,16385,0,2105349.7791290283,2105349.7791290283,2105349.7791290283,0.0,0.0,0.0,0.0,0.0,3.0,2.0,2474.0,230.0,0.0,0.0,0.0,0.0,0.0,0.0,Syn,Unknow
53,17,2025-04-01 14:11:25,8,36052.30404366785,263.15550396837847,131.57775198418923,131.57775198418923,1,1,102,172,102.0,102.0,102.0,0.0,172.0,172.0,172.0,0.0,172,102,137.0,35.0,1225.0,8,8,68,68.0,138.0,1,7600.069046020508,7600.069046020508,7600.069046020508,0.0,0.0,0.0,0.0,0.0,0.0,0.0,0.0,0.0,0.0,0.0,0,0,0,0,0,0,0,0,0,0,0,0,1.0,137.0,0,0,0,0,0,0,0,0,0,0,0,0,0,0,0,0,0,0,7600.069046020508,7600.069046020508,7600.069046020508,0.0,0.0,0.0,0.0,0.0,0,0,0,0,0.0,0.0,0.0,0.0,0.0,0.0,Syn,Unknow
123,17,2025-04-01 14:13:36,265,679.7605722064957,7.55289524673884,3.77644762336942,3.77644762336942,1,1,90,90,90.0,90.0,90.0,0.0,90.0,90.0,90.0,0.0,90,90,90.0,0.0,0.0,8,8,56,56.0,56.0,1,264799.1180419922,264799.1180419922,264799.1180419922,0.0,0.0,0.0,0.0,0.0,0.0,0.0,0.0,0.0,0.0,0.0,0,0,0,0,0,0,0,0,0,0,0,0,1.0,90.0,0,0,0,0,0,0,0,0,0,0,0,0,0,0,0,0,0,0,264799.1180419922,264799.1180419922,264799.1180419922,0.0,0.0,0.0,0.0,0.0,0,0,0,0,0.0,0.0,0.0,0.0,0.0,0.0,Syn,Unknow
443,6,2025-04-01 14:13:44,2105,1582.9163143297353,5.225714122937301,3.3254544418691916,1.9002596810681096,7,4,2931,401,2225.0,66.0,418.7142857142857,738.823720379847,164.0,66.0,100.25,40.10221315588455,2225,66,302.90909090909093,609.4419883713975,371419.5371900826,224,128,32,384.7142857142857,66.25,5,210497.5461959839,1314337.2535705566,131.13021850585938,385666.6858257549,2104975.461959839,1668405.0559997559,162.8398895263672,350829.24365997314,597125.4803961784,589695.930480957,357326.0307312012,170.70770263671875,196565.310160319,147969.16648556973,5,2,0,0,0,0,0,7,11,0,0,0,0.5714285714285714,302.90909090909093,636,16385,69992,4452,65540,6362.909090909091,636.0,16385.0,7575.988617810224,0.0,0.0,16385,636,16385,636,636,16385,0,2104975.461959839,2104975.461959839,2104975.461959839,0.0,0.0,0.0,0.0,0.0,7.0,4.0,2931.0,401.0,0.0,0.0,0.0,0.0,0.0,0.0,Syn,Unknow
53,17,2025-04-01 14:13:44,122,7640.87179286056,49.34901050286691,24.674505251433455,24.674505251433455,3,3,286,643,102.0,92.0,95.33333333333333,4.714045207910316,256.0,172.0,214.33333333333334,34.296096311711956,256,92,154.83333333333334,64.33873034356695,4139.4722222222235,24,24,58,61.333333333333336,180.33333333333334,3,24316.59698486328,63281.77452087402,321.6266632080078,23132.980625442542,90199.70893859863,89878.08227539062,321.6266632080078,45099.85446929932,44778.22780609131,57979.583740234375,32663.10691833496,25316.476821899414,28989.791870117188,3673.3150482177734,0,0,0,0,0,0,0,0,0,0,0,0,1.0,154.83333333333334,0,0,0,0,0,0,0,0,0,0,0,0,0,0,0,0,0,0,121582.9849243164,121582.9849243164,121582.9849243164,0.0,0.0,0.0,0.0,0.0,0,0,0,0,0.0,0.0,0.0,0.0,0.0,0.0,Syn,Unknow
443,6,2025-04-01 14:13:46,1009,4909.739460293494,6.937459875263314,2.973197089398563,3.964262785864751,3,4,4492,462,2922.0,66.0,1497.3333333333333,1165.9666471311357,165.0,66.0,115.5,49.5,2922,66,707.7142857142857,1025.5034602275973,1051657.3469387754,96,128,32,1463.3333333333333,81.5,2,168169.14081573486,631281.3758850098,300.1689910888672,219569.7378720736,874976.634979248,874676.4659881592,300.1689910888672,437488.317489624,437188.14849853516,806766.0331726074,631281.3758850098,404.35791015625,268922.0110575358,265965.1018341797,2,2,0,0,0,0,0,4,7,0,0,0,1.3333333333333333,707.7142857142857,636,16385,67433,1908,65525,9633.285714285714,636.0,16381.25,7791.878165560521,0.0,2.165063509461097,16385,636,16385,636,636,16380,0,1009014.8448944092,1009014.8448944092,1009014.8448944092,0.0,0.0,0.0,0.0,0.0,0,0,0,0,0.0,0.0,0.0,0.0,0.0,0.0,Syn,Unknow
443,6,2025-04-01 14:13:47,1100,962.9792814220925,5.4559732658475495,4.546644388206292,0.9093288776412582,5,1,985,74,583.0,66.0,197.0,197.79585435493837,74.0,74.0,74.0,0.0,583,66,176.5,186.28987268949072,34703.916666666664,180,40,32,163.0,40.0,2,219942.42668151855,710277.795791626,198.84109497070312,260103.03203454232,1099712.1334075928,710277.795791626,781.0592651367188,274928.0333518982,263571.9976798286,0.0,0.0,0.0,0.0,0.0,2,0,0,0,0,0,0,2,5,0,0,0,0.2,176.5,636,65535,132051,66516,65535,22008.5,13303.2,65535.0,30322.385546820027,25468.47050295718,0.0,65535,64240,65535,502,502,65535,0,1099712.1334075928,1099712.1334075928,1099712.1334075928,0.0,0.0,0.0,0.0,0.0,0,0,0,0,0.0,0.0,0.0,0.0,0.0,0.0,Syn,Unknow
53,17,2025-04-01 14:14:12,0,0,0,0,0,1,0,92,0,92.0,92.0,92.0,0.0,0.0,0.0,0.0,0.0,92,92,92.0,0.0,0.0,8,0,58,58.0,0,1,0.0,0.0,0.0,0.0,0.0,0.0,0.0,0.0,0.0,0.0,0.0,0.0,0.0,0.0,0,0,0,0,0,0,0,0,0,0,0,0,0.0,92.0,0,0,0,0,0,0,0,0,0,0,0,0,0,0,0,0,0,0,0.0,0.0,0.0,0.0,0.0,0.0,0.0,0.0,0,0,0,0,0.0,0.0,0.0,0.0,0.0,0.0,Syn,Unknow
443,6,2025-04-01 14:14:12,2388,5705.46683247948,2.9308188029174698,2.5121304025006883,0.4186884004167814,6,1,13553,74,5353.0,74.0,2258.8333333333335,1899.3250921197127,74.0,74.0,74.0,0.0,5353,74,1946.7142857142858,1917.4456009631829,3676597.6326530613,152,40,40,2224.8333333333335,40.0,5,398068.50751241046,1563993.6923980713,36028.62358093262,530704.0257552601,824417.3526763916,307400.9418487549,36028.62358093262,164883.47053527832,108279.94608074364,0.0,0.0,0.0,0.0,0.0,5,0,0,0,0,0,0,5,6,0,0,0,0.16666666666666666,1946.7142857142858,64240,65535,131421,65886,65535,18774.428571428572,10981.0,65535.0,29166.808880042016,23818.560577835095,0.0,65535,64240,65535,250,250,65535,0,2388411.045074463,2388411.045074463,2388411.045074463,0.0,0.0,0.0,0.0,0.0,6.0,1.0,13553.0,74.0,13197.0,5.0,0.0,0.0,21281.690520167387,0.0,Syn,Unknow
443,6,2025-04-01 14:14:14,1109,5938.686225741866,17.132559715927034,10.820564031111811,6.311995684815224,12,7,5863,723,1999.0,54.0,488.5833333333333,697.9860860997796,204.0,66.0,103.28571428571429,52.515886809106995,1999,54,346.63157894736844,585.879654476144,343254.96952908585,388,248,20,454.5833333333333,69.28571428571429,4,61611.08281877306,353673.93493652344,0.2384185791015625,110916.16448447874,924175.500869751,353834.1522216797,247.71690368652344,84015.95462452281,127238.94639735126,618792.7722930908,355068.2067871094,0.2384185791015625,103132.12871551514,130800.72308626636,4,2,0,0,0,0,1,6,16,0,0,0,0.5833333333333334,346.63157894736844,502,16385,395143,132998,262145,20797.0,11083.166666666666,37449.28571428572,27141.36078502988,23772.85608221182,24322.94205486009,65535,64240,65535,0,0,16385,1,1108999.490737915,1108999.490737915,1108999.490737915,0.0,0.0,0.0,0.0,0.0,0,0,0,0,0.0,0.0,0.0,0.0,0.0,0.0,Syn,Unknow
57634,6,2025-04-01 14:14:15,491,16150.09633827947,24.429743610154247,10.17905983756427,14.250683772589978,5,7,6835,1098,4386.0,66.0,1367.0,1593.7447725404465,750.0,54.0,156.85714285714286,242.2061864087989,4386,54,661.0833333333334,1203.5384953221158,1448504.9097222222,160,176,32,1333.0,122.85714285714286,4,44654.95456348766,310031.1756134033,0.95367431640625,96947.32747443843,491141.31927490234,318761.11030578613,0.95367431640625,122785.32981872559,132796.5794971623,491016.149520874,310124.39727783203,184.53598022460938,81836.02492014568,119176.65496727114,2,1,0,0,1,0,4,3,8,0,0,0,1.4,661.0833333333334,16385,502,83419,81913,1506,6951.583333333333,16382.6,215.14285714285714,7972.92189704558,1.2,248.42557297130753,16385,16385,502,0,16382,0,4,491204.50019836426,491204.50019836426,491204.50019836426,0.0,0.0,0.0,0.0,0.0,0,0,0,0,0.0,0.0,0.0,0.0,0.0,0.0,Syn,Unknow
57620,6,2025-04-01 14:14:15,1363,13648.205529764693,22.738451734438947,10.268978202649846,12.469473531789099,14,17,7907,10700,1506.0,66.0,564.7857142857143,620.4416835231667,2922.0,66.0,629.4117647058823,923.5894847453494,2922,66,600.2258064516129,801.6642652462044,642665.5941727367,448,580,32,530.7857142857143,595.4117647058823,9,45444.31368509928,379432.67822265625,0.0,105728.30389284997,1363329.4105529785,727917.6712036133,0.0,104871.49311945989,200705.12983057243,983833.0745697021,365572.452545166,67.47245788574219,61489.567160606384,127616.28706596268,5,10,0,0,0,0,0,15,31,0,0,0,1.2142857142857142,600.2258064516129,16382,546,239907,229355,10552,7738.935483870968,16382.5,620.7058823529412,7843.940056421957,1.4015297764534702,30.731789836818724,16385,16385,659,546,16380,546,0,1363329.4105529785,1363329.4105529785,1363329.4105529785,0.0,0.0,0.0,0.0,0.0,0,0,0,0,6406.0,5.0,5097.0,6.0,16041021.745671641,3728351.497732822,Syn,Unknow
57620,6,2025-04-01 14:14:17,0,2025308.2936378466,20526.773246329525,13684.515497553019,6842.257748776509,2,1,230,66,164.0,66.0,115.0,49.0,66.0,66.0,66.0,0.0,164,66,98.66666666666667,46.197643037521104,2134.222222222222,64,32,32,81.0,32.0,1,73.0752944946289,146.1505889892578,0.0,73.0752944946289,0.0,0.0,0.0,0.0,0.0,0.0,0.0,0.0,0.0,0.0,1,0,0,0,0,0,0,1,3,0,0,0,0.5,98.66666666666667,16385,659,33429,32770,659,11143.0,16385.0,659.0,7413.3074939597645,0.0,0.0,16385,16385,659,659,16385,659,0,146.1505889892578,146.1505889892578,146.1505889892578,0.0,0.0,0.0,0.0,0.0,0,0,0,0,0.0,0.0,0.0,0.0,0.0,0.0,Syn,Unknow
53,17,2025-04-01 14:14:17,9,35412.00506022771,230.69710136956164,115.34855068478082,115.34855068478082,1,1,92,215,92.0,92.0,92.0,0.0,215.0,215.0,215.0,0.0,215,92,153.5,61.5,3782.25,8,8,58,58.0,181.0,1,8669.376373291016,8669.376373291016,8669.376373291016,0.0,0.0,0.0,0.0,0.0,0.0,0.0,0.0,0.0,0.0,0.0,0,0,0,0,0,0,0,0,0,0,0,0,1.0,153.5,0,0,0,0,0,0,0,0,0,0,0,0,0,0,0,0,0,0,8669.376373291016,8669.376373291016,8669.376373291016,0.0,0.0,0.0,0.0,0.0,0,0,0,0,0.0,0.0,0.0,0.0,0.0,0.0,Syn,Unknow
443,6,2025-04-01 14:14:17,1104,2751.347043016617,7.247539132081968,4.52971195755123,2.717827174530738,5,3,1292,1745,583.0,66.0,258.4,233.7662079942266,1506.0,74.0,581.6666666666666,654.6573319090088,1506,66,379.625,468.3617558842737,219362.734375,168,104,32,224.4,547.6666666666666,2,157688.99236406598,417211.53259277344,168.32351684570312,186713.57168683814,834214.6873474121,417397.02224731445,742.1970367431641,208553.67183685303,207196.40913117898,686611.4139556885,414855.0033569336,271756.4105987549,343305.70697784424,71549.29637908936,2,1,0,0,0,0,0,3,7,0,0,0,0.6,379.625,64240,65535,164547,66248,98299,20568.375,13249.6,32766.333333333332,26398.14692803976,25495.200000000004,23170.946424827413,65535,64240,65535,502,502,16381,0,1103822.946548462,1103822.946548462,1103822.946548462,0.0,0.0,0.0,0.0,0.0,0,0,0,0,0.0,0.0,0.0,0.0,0.0,0.0,Syn,Unknow
57636,6,2025-04-01 14:14:18,626,10620.469750629314,22.375707525780346,11.187853762890173,11.187853762890173,7,7,4122,2523,1506.0,66.0,588.8571428571429,598.3105807357982,2079.0,66.0,360.42857142857144,701.6527136783872,2079,66,474.64285714285717,661.9599261870396,438190.94387755095,224,248,32,554.8571428571429,326.42857142857144,5,48129.11840585562,331950.9029388428,0.0,107926.30810731679,625678.539276123,333504.43840026855,0.0,104279.75654602051,140351.15708476512,293707.13233947754,291020.63179016113,64.13459777832031,48951.188723246254,108257.84500312545,3,2,0,0,2,0,0,5,14,0,0,0,1.0,474.64285714285717,16381,546,118824,114683,4141,8487.42857142857,16383.285714285714,591.5714285714286,7895.875792501567,1.9794866372215743,24.1888825871789,16385,16385,614,546,16381,546,0,625678.539276123,625678.539276123,625678.539276123,0.0,0.0,0.0,0.0,0.0,0,0,0,0,0.0,0.0,0.0,0.0,0.0,0.0,Syn,Unknow
443,6,2025-04-01 14:14:19,2455,2072.6839013656395,2.851569832853671,2.036835594895479,0.8147342379581917,5,2,4857,231,2922.0,66.0,971.4,1109.8002703189436,165.0,66.0,115.5,49.5,2922,66,726.8571428571429,1014.8683839467528,1029957.8367346937,160,64,32,937.4,81.5,4,409131.36800130206,2106535.9115600586,0.476837158203125,769646.2149218905,2454788.2080078125,2106535.9115600586,90.36064147949219,613697.0520019531,873501.9419211596,0.476837158203125,0.476837158203125,0.476837158203125,0.476837158203125,0.0,4,1,0,0,0,0,0,5,7,0,0,0,0.4,726.8571428571429,659,16385,36065,3295,32770,5152.142857142857,659.0,16385.0,7104.282640543991,0.0,0.0,16385,659,16385,659,659,16385,0,2454788.2080078125,2454788.2080078125,2454788.2080078125,0.0,0.0,0.0,0.0,0.0,5.0,2.0,4857.0,231.0,0.0,0.0,0.0,0.0,0.0,0.0,Syn,Unknow
53,17,2025-04-01 14:18:20,374,4451.0970319482,26.71726909932893,13.358634549664465,13.358634549664465,5,5,476,1190,110.0,90.0,95.2,7.520638270785266,329.0,173.0,238.0,58.76053097105233,329,90,166.6,82.78067407311926,6852.639999999999,40,40,56,61.2,204.0,5,41587.75011698405,254447.69859313965,0.7152557373046875,77295.70168829465,338023.18572998047,299205.7800292969,588.8938903808594,84505.79643249512,124855.51171102894,337027.31132507324,290588.8557434082,0.7152557373046875,84256.82783126831,120557.22082484831,0,0,0,0,0,0,0,0,0,0,0,0,1.0,166.6,0,0,0,0,0,0,0,0,0,0,0,0,0,0,0,0,0,0,374289.75105285645,374289.75105285645,374289.75105285645,0.0,0.0,0.0,0.0,0.0,0,0,0,0,0.0,0.0,0.0,0.0,0.0,0.0,Syn,Unknow
443,6,2025-04-01 14:18:20,1323,13029.695920825854,28.713085420516265,15.867757732390567,12.845327688125698,21,17,6414,10830,1933.0,66.0,305.42857142857144,434.46864881452734,4386.0,66.0,637.0588235294117,1053.3768930884773,4386,66,453.7894736842105,792.4062673406715,627907.6925207758,712,560,32,271.42857142857144,603.0588235294117,10,35768.60556731353,556337.1181488037,-29.56390380859375,95931.62281426023,1282229.4235229492,556337.1181488037,296.59271240234375,64111.47117614746,124701.46811375268,1275602.102279663,600033.0448150635,0.2384185791015625,79725.13139247894,149127.40551105523,10,7,0,0,0,0,0,17,36,0,0,0,0.8095238095238095,453.7894736842105,64240,65535,401450,138821,262629,10564.473684210527,6610.523809523809,15448.764705882353,19457.161937712295,18697.520703021277,19266.972113314143,65535,64240,65535,479,502,479,0,1323438.4059906006,1323438.4059906006,1323438.4059906006,0.0,0.0,0.0,0.0,0.0,0,0,0,0,0.0,0.0,0.0,0.0,0.0,0.0,Syn,Unknow
80,6,2025-04-01 14:18:20,2230,1490.40463943397,8.96753694003592,5.380522164021553,3.5870147760143682,12,8,2278,1046,309.0,66.0,189.83333333333334,107.30395560690616,236.0,66.0,130.75,81.56554113104382,309,66,166.2,102.01695937440991,10407.460000000001,392,264,32,155.83333333333334,96.75,7,117382.46365597374,816068.172454834,21.219253540039062,249492.04965986824,2230266.809463501,816068.172454834,799.4174957275391,202751.52813304553,300397.6185783285,1597649.5742797852,864797.5921630859,504.2552947998047,228235.65346854072,349605.63299991126,7,3,0,0,0,0,0,10,19,0,0,0,0.6666666666666666,166.2,64240,62643,135789,69754,66035,6789.45,5812.833333333333,8254.375,18885.7064455503,17616.453586696225,20556.968136969397,64240,64240,62643,481,501,481,0,2230266.809463501,2230266.809463501,2230266.809463501,0.0,0.0,0.0,0.0,0.0,0,0,0,0,0.0,0.0,0.0,0.0,0.0,0.0,Syn,Unknow
36152,6,2025-04-01 14:18:21,641,3149.037455699911,14.051233069558352,7.8062405941990844,6.244992475359267,5,4,1317,700,386.0,66.0,263.4,118.72927187513616,331.0,66.0,175.0,113.95393806271024,386,66,224.11111111111111,124.62873259266628,15532.320987654319,160,128,32,229.4,141.0,4,80064.14771080017,546121.1204528809,384.8075866699219,177087.39886708697,638325.2143859863,584237.0986938477,384.8075866699219,159581.30359649658,246120.21675520187,635627.9850006104,546121.1204528809,1139.8792266845703,211875.99500020346,239014.63682664043,4,2,0,0,0,0,0,6,9,0,0,0,0.8,224.11111111111111,479,614,4887,2386,2501,543.0,477.2,625.25,74.7127833774114,1.469693845669907,19.48557158514987,659,479,659,476,476,614,0,640513.1816864014,640513.1816864014,640513.1816864014,0.0,0.0,0.0,0.0,0.0,0,0,0,0,0.0,0.0,0.0,0.0,0.0,0.0,Syn,Unknow
80,6,2025-04-01 14:18:22,973,1918.0937843915742,8.218934266273484,6.164200699705113,2.054733566568371,6,2,1565,302,487.0,66.0,260.8333333333333,125.23233962874322,236.0,66.0,151.0,85.0,487,66,233.375,125.81925279940269,15830.484375,192,64,32,226.83333333333334,117.0,5,139051.74391610283,598375.3204345703,61.511993408203125,204731.25677046707,973362.2074127197,598375.3204345703,1290.3213500976562,194672.44148254395,218777.32777776074,612.2589111328125,612.2589111328125,612.2589111328125,612.2589111328125,0.0,5,1,0,0,0,0,0,6,8,0,0,0,0.3333333333333333,233.375,501,478,3962,3006,956,495.25,501.0,478.0,9.959292143521045,0.0,0.0,501,501,478,478,501,478,0,973362.2074127197,973362.2074127197,973362.2074127197,0.0,0.0,0.0,0.0,0.0,0,0,0,0,1020.0,4.0,0.0,0.0,3040.847817233122,0.0,Syn,Unknow
443,6,2025-04-01 14:18:22,1272,4269.1681771915955,11.795454532671567,7.07727271960294,4.718181813068626,9,6,4454,975,2922.0,66.0,494.8888888888889,865.2112708523142,386.0,66.0,162.5,116.94122455319167,2922,66,361.93333333333334,693.6427002106744,481140.1955555556,288,192,32,460.8888888888889,128.5,8,90834.02156829834,503859.281539917,0.476837158203125,173168.44931883903,1271676.3019561768,503859.281539917,289.2017364501953,158959.5377445221,205669.57528241788,225562.33406066895,169281.7211151123,0.476837158203125,45112.46681213379,65589.0249492489,8,3,0,0,0,0,0,11,15,0,0,0,0.6666666666666666,361.93333333333334,659,473,56511,5937,50574,3767.4,659.6666666666666,8429.0,6309.214391665573,1.8856180831641267,7956.0,16385,665,16385,473,659,473,0,1271676.3019561768,1271676.3019561768,1271676.3019561768,0.0,0.0,0.0,0.0,0.0,0,0,0,0,3755.0,5.0,0.0,0.0,498200.4719577389,0.0,Syn,Unknow
67,17,2025-04-01 14:18:23,0,0,0,0,0,1,0,350,0,350.0,350.0,350.0,0.0,0.0,0.0,0.0,0.0,350,350,350.0,0.0,0.0,8,0,316,316.0,0,1,0.0,0.0,0.0,0.0,0.0,0.0,0.0,0.0,0.0,0.0,0.0,0.0,0.0,0.0,0,0,0,0,0,0,0,0,0,0,0,0,0.0,350.0,0,0,0,0,0,0,0,0,0,0,0,0,0,0,0,0,0,0,0.0,0.0,0.0,0.0,0.0,0.0,0.0,0.0,0,0,0,0,0.0,0.0,0.0,0.0,0.0,0.0,Syn,Unknow
80,6,2025-04-01 14:18:24,2952,494.9122800613096,1.0162469816453996,1.0162469816453996,0.0,3,0,1461,0,487.0,487.0,487.0,0.0,0.0,0.0,0.0,0.0,487,487,487.0,0.0,0.0,96,0,453,453.0,0,3,1476019.1440582275,1984072.208404541,967966.0797119141,508053.0643463135,2952038.288116455,1984072.208404541,967966.0797119141,1476019.1440582275,508053.0643463135,0.0,0.0,0.0,0.0,0.0,3,0,0,0,0,0,0,3,3,0,0,0,0.0,487.0,501,0,1503,1503,0,501.0,501.0,0,0.0,0.0,0,501,501,0,501,501,0,0,2952038.288116455,2952038.288116455,2952038.288116455,0.0,0.0,0.0,0.0,0.0,3.0,0.0,1461.0,0.0,0.0,0.0,0.0,0.0,0.0,0.0,Syn,Unknow
443,6,2025-04-01 14:18:25,0,0,0,0,0,1,0,101,0,101.0,101.0,101.0,0.0,0.0,0.0,0.0,0.0,101,101,101.0,0.0,0.0,32,0,67,67.0,0,1,0.0,0.0,0.0,0.0,0.0,0.0,0.0,0.0,0.0,0.0,0.0,0.0,0.0,0.0,1,0,0,0,0,0,0,1,1,0,0,0,0.0,101.0,659,0,659,659,0,659.0,659.0,0,0.0,0.0,0,659,659,0,659,659,0,0,0.0,0.0,0.0,0.0,0.0,0.0,0.0,0.0,0,0,0,0,0.0,0.0,0.0,0.0,0.0,0.0,Syn,Unknow
443,6,2025-04-01 14:18:27,0,0,0,0,0,1,0,101,0,101.0,101.0,101.0,0.0,0.0,0.0,0.0,0.0,101,101,101.0,0.0,0.0,32,0,67,67.0,0,1,0.0,0.0,0.0,0.0,0.0,0.0,0.0,0.0,0.0,0.0,0.0,0.0,0.0,0.0,1,0,0,0,0,0,0,1,1,0,0,0,0.0,101.0,659,0,659,659,0,659.0,659.0,0,0.0,0.0,0,659,659,0,659,659,0,0,0.0,0.0,0.0,0.0,0.0,0.0,0.0,0.0,0,0,0,0,0.0,0.0,0.0,0.0,0.0,0.0,Syn,Unknow
443,17,2025-04-01 14:42:50,242,517972.8448700044,586.5916784689297,185.89172909226644,400.69994937666326,45,97,6083,119306,1292.0,74.0,135.17777777777778,250.68335838830532,1292.0,68.0,1229.958762886598,266.0881536558802,1292,68,883.0211267605633,572.4815572195115,327735.13335647684,360,776,40,101.17777777777778,1195.958762886598,45,1716.8538790222601,32690.28663635254,0.0,3994.298554419004,201756.23893737793,60291.05186462402,63.419342041015625,4585.36906675859,11778.666561740476,208909.273147583,21554.946899414062,0.0,2176.1382619539895,4286.157885143641,0,0,0,0,0,0,0,0,0,0,0,0,2.1555555555555554,883.0211267605633,0,0,0,0,0,0,0,0,0,0,0,0,0,0,0,0,0,0,242076.39694213867,242076.39694213867,242076.39694213867,0.0,0.0,0.0,0.0,0.0,0,0,0,0,274.25,8.0,13296.375,10.75,292749.98333015206,1336401.546773063,Syn,Unknow
443,6,2025-04-01 14:42:51,525,10639.686772186804,40.013148677636615,20.959268354952513,19.053880322684105,11,10,1835,3749,583.0,66.0,166.8181818181818,158.2735366278716,1506.0,66.0,374.9,496.25405791791763,1506,66,265.9047619047619,375.75548087272887,141192.1814058957,372,328,32,132.8181818181818,340.9,5,26241.374015808105,121277.5707244873,15.974044799804688,32914.419156771946,524827.4803161621,161560.7738494873,253.43894958496094,52482.74803161621,54530.864926521754,480586.7671966553,131522.65548706055,246.0479736328125,53398.52968851725,47633.131149518296,5,4,0,0,0,0,0,9,20,0,0,0,0.9090909090909091,265.9047619047619,496,300,136037,69403,66634,6477.952380952381,6309.363636363636,6663.4,18483.16436131152,18319.286767938058,18660.00847909775,64240,64240,62643,300,496,300,0,524827.4803161621,524827.4803161621,524827.4803161621,0.0,0.0,0.0,0.0,0.0,0,0,0,0,0.0,0.0,0.0,0.0,0.0,0.0,Syn,Unknow
53,17,2025-04-01 14:42:51,79,7508.445675510587,50.73274105074721,25.366370525373604,25.366370525373604,2,2,186,406,93.0,93.0,93.0,0.0,233.0,173.0,203.0,30.0,233,93,148.0,58.94913061275798,3475.0,16,16,59,59.0,169.0,2,26281.51575724284,42280.67398071289,435.11390686035156,18447.924540164877,435.11390686035156,435.11390686035156,435.11390686035156,435.11390686035156,0.0,42280.67398071289,42280.67398071289,42280.67398071289,42280.67398071289,0.0,0,0,0,0,0,0,0,0,0,0,0,0,1.0,148.0,0,0,0,0,0,0,0,0,0,0,0,0,0,0,0,0,0,0,78844.54727172852,78844.54727172852,78844.54727172852,0.0,0.0,0.0,0.0,0.0,0,0,0,0,0.0,0.0,0.0,0.0,0.0,0.0,Syn,Unknow
80,6,2025-04-01 14:42:51,1364,1115.5106741846125,7.334060974257808,4.400436584554685,2.933624389703123,6,4,1079,442,309.0,66.0,179.83333333333334,112.64607800047408,236.0,66.0,110.5,72.53102784326167,309,66,152.1,104.26643755303044,10871.489999999998,200,136,32,145.83333333333334,76.5,3,151500.11910332573,1284024.4770050049,45.299530029296875,400657.92299086385,1363501.0719299316,1284024.4770050049,1368.5226440429688,272700.2143859863,505931.1841897875,43097.25761413574,38410.90202331543,479.9365997314453,14365.752538045248,17070.4145249418,3,1,0,0,0,0,0,4,9,0,0,0,0.6666666666666666,152.1,64240,62643,130853,66748,64105,13085.3,11124.666666666666,16026.25,25180.633002567665,23753.899200388605,26914.19316434175,64240,64240,62643,487,501,487,0,1363501.0719299316,1363501.0719299316,1363501.0719299316,0.0,0.0,0.0,0.0,0.0,6.0,4.0,1079.0,442.0,0.0,0.0,0.0,0.0,0.0,0.0,Syn,Unknow
80,6,2025-04-01 14:42:52,1146,808.8657542659176,4.362814208554033,2.6176885251324196,1.7451256834216131,3,2,625,302,309.0,66.0,208.33333333333334,103.48698254155232,236.0,66.0,151.0,85.0,309,66,185.4,100.52183842329984,10104.640000000001,96,64,32,174.33333333333334,117.0,2,286512.3152732849,1107706.069946289,27.65655517578125,474352.3961089243,1146049.2610931396,1107706.069946289,38343.191146850586,573024.6305465698,534681.4393997192,1112.9379272460938,1112.9379272460938,1112.9379272460938,1112.9379272460938,0.0,2,1,0,0,0,0,0,3,5,0,0,0,0.6666666666666666,185.4,501,484,2471,1503,968,494.2,501.0,484.0,8.328265125462805,0.0,0.0,501,501,484,484,501,484,0,1146049.2610931396,1146049.2610931396,1146049.2610931396,0.0,0.0,0.0,0.0,0.0,3.0,2.0,625.0,302.0,0.0,0.0,0.0,0.0,0.0,0.0,Syn,Unknow
443,6,2025-04-01 14:42:52,89,16196.690735920556,78.46147761345598,33.62634754862399,44.835130064831986,3,4,669,776,331.0,66.0,223.0,113.59870891285105,386.0,66.0,194.0,135.7645019878171,386,66,206.42857142857142,127.55039020252477,16269.102040816328,96,128,32,189.0,160.0,2,14869.292577107748,46772.95684814453,340.9385681152344,18413.323684004874,89215.75546264648,84785.22300720215,4430.532455444336,44607.87773132324,40177.345275878906,50661.563873291016,46772.95684814453,429.39186096191406,16887.187957763672,21168.598504059893,2,2,0,0,0,0,0,4,7,0,0,0,1.3333333333333333,206.42857142857142,569,481,3673,1752,1921,524.7142857142857,584.0,480.25,53.188920129006156,21.213203435596427,0.4330127018922193,614,614,481,480,569,480,0,89215.75546264648,89215.75546264648,89215.75546264648,0.0,0.0,0.0,0.0,0.0,0,0,0,0,0.0,0.0,0.0,0.0,0.0,0.0,Syn,Unknow
80,6,2025-04-01 14:42:53,40,14857.406953457183,100.89919832568545,50.44959916284272,50.44959916284272,2,2,287,302,221.0,66.0,143.5,77.5,236.0,66.0,151.0,85.0,236,66,147.25,81.42289297243128,6629.6875,64,64,32,109.5,117.0,1,13214.508692423502,39094.44808959961,38.38539123535156,18300.89644298246,39643.52607727051,39643.52607727051,39643.52607727051,39643.52607727051,0.0,510.6925964355469,510.6925964355469,510.6925964355469,510.6925964355469,0.0,1,1,0,0,0,0,0,2,4,0,0,0,1.0,147.25,501,481,1964,1002,962,491.0,501.0,481.0,10.0,0.0,0.0,501,501,481,481,501,481,0,39643.52607727051,39643.52607727051,39643.52607727051,0.0,0.0,0.0,0.0,0.0,0,0,0,0,0.0,0.0,0.0,0.0,0.0,0.0,Syn,Unknow
443,6,2025-04-01 14:42:53,1783,4451.456973546553,13.462067460322237,6.170114252647692,7.291953207674545,11,13,6064,1872,2922.0,66.0,551.2727272727273,845.2465042178892,386.0,66.0,144.0,118.75702408376007,2922,66,330.6666666666667,613.409709918438,376271.47222222225,352,416,32,517.2727272727273,110.0,8,77512.48193823773,903437.614440918,0.0,206459.89276776955,1261093.6164855957,903437.614440918,194.549560546875,126109.36164855957,264183.9083307561,1746270.6565856934,1100561.3803863525,0.0,145522.55471547446,322750.0231024803,8,5,0,0,0,0,0,13,24,0,0,0,1.1818181818181819,330.6666666666667,614,478,92775,7050,85725,3865.625,640.9090909090909,6594.2307692307695,6422.108388297543,16.87092466859934,7739.334170862764,16385,665,16385,474,614,474,0,1782787.0845794678,1782787.0845794678,1782787.0845794678,0.0,0.0,0.0,0.0,0.0,0,0,0,0,4896.0,6.0,0.0,0.0,30925.60405889555,0.0,Syn,Unknow
80,6,2025-04-01 14:42:54,1148,1051.9630947491946,5.224982258688052,3.483321505792035,1.7416607528960175,4,2,906,302,309.0,66.0,226.5,99.23834944213854,236.0,66.0,151.0,85.0,309,66,201.33333333333334,101.19563012084838,10240.555555555557,128,64,32,192.5,117.0,3,229665.85159301758,1102237.2245788574,42.438507080078125,436631.87720085954,1148329.257965088,1102237.2245788574,363.1114959716797,382776.419321696,509072.6221369894,501.1558532714844,501.1558532714844,501.1558532714844,501.1558532714844,0.0,3,1,0,0,0,0,0,4,6,0,0,0,0.5,201.33333333333334,501,478,2960,2004,956,493.3333333333333,501.0,478.0,10.842303978193728,0.0,0.0,501,501,478,478,501,478,0,1148329.257965088,1148329.257965088,1148329.257965088,0.0,0.0,0.0,0.0,0.0,4.0,2.0,906.0,302.0,0.0,0.0,0.0,0.0,0.0,0.0,Syn,Unknow
443,17,2025-04-01 14:42:55,397,375944.4161113931,573.753476534517,291.9096635000174,281.84381303449953,116,112,11938,137456,1292.0,74.0,102.91379310344827,158.24547544686854,1292.0,68.0,1227.2857142857142,271.9773634413162,1292,68,655.2368421052631,604.1797949348949,365033.22460757155,928,896,40,68.91379310344827,1193.2857142857142,116,1750.5868416000567,37581.682205200195,0.0,3484.8579344071886,387885.80894470215,64620.256423950195,78.43971252441406,3372.920077780019,8199.193879123137,358392.71545410156,27980.08918762207,0.0,3228.7632022892035,5618.765343401331,0,0,0,0,0,0,0,0,0,0,0,0,0.9655172413793104,655.2368421052631,0,0,0,0,0,0,0,0,0,0,0,0,0,0,0,0,0,0,397383.2130432129,397383.2130432129,397383.2130432129,0.0,0.0,0.0,0.0,0.0,0,0,0,0,319.27272727272725,8.272727272727273,10846.666666666666,8.777777777777779,40056.22309058228,1111669.6889101267,Syn,Unknow
443,6,2025-04-01 14:47:47,1056,5017.929985851259,17.988805609655454,10.414571668747895,7.57423394090756,11,8,1837,3463,583.0,66.0,167.0,155.31317335687214,1506.0,66.0,432.875,536.8359706418712,1506,66,278.94736842105266,390.5657803864341,152541.62880886425,372,264,32,133.0,398.875,5,58678.46806844076,526935.338973999,0.7152557373046875,123131.26549737807,940016.508102417,526935.338973999,254.63104248046875,94001.6508102417,159130.96782071306,1020427.2270202637,630136.7282867432,0.7152557373046875,145775.31814575195,207281.6961460153,5,3,0,0,0,0,0,8,18,0,0,0,0.7272727272727273,278.94736842105266,494,322,135042,69331,65711,7107.473684210527,6302.818181818182,8213.875,19324.230100734923,18321.34944820675,20572.390608759473,64240,64240,62643,322,494,322,0,1056212.4252319336,1056212.4252319336,1056212.4252319336,0.0,0.0,0.0,0.0,0.0,0,0,0,0,0.0,0.0,0.0,0.0,0.0,0.0,Syn,Unknow
53,17,2025-04-01 14:47:47,76,7785.055770846659,52.60172818139634,26.30086409069817,26.30086409069817,2,2,186,406,93.0,93.0,93.0,0.0,233.0,173.0,203.0,30.0,233,93,148.0,58.94913061275798,3475.0,16,16,59,59.0,169.0,2,25347.70965576172,38803.5774230957,885.009765625,17326.611677478806,885.009765625,885.009765625,885.009765625,885.009765625,0.0,36354.54177856445,36354.54177856445,36354.54177856445,36354.54177856445,0.0,0,0,0,0,0,0,0,0,0,0,0,0,1.0,148.0,0,0,0,0,0,0,0,0,0,0,0,0,0,0,0,0,0,0,76043.12896728516,76043.12896728516,76043.12896728516,0.0,0.0,0.0,0.0,0.0,0,0,0,0,0.0,0.0,0.0,0.0,0.0,0.0,Syn,Unknow
80,6,2025-04-01 14:47:47,1320,1126.0220296319126,7.577537211520274,4.546522326912164,3.0310148846081093,6,4,1044,442,309.0,66.0,174.0,109.46384486821817,236.0,66.0,110.5,72.53102784326167,309,66,148.6,101.29876603394534,10261.439999999999,200,136,32,140.0,76.5,3,146632.2210099962,1243613.0046844482,0.2384185791015625,388142.80422033306,1319689.9890899658,1243613.0046844482,169.7540283203125,263937.99781799316,490125.2284671922,38339.853286743164,38175.106048583984,0.2384185791015625,12779.951095581055,17957.2115041364,3,1,0,0,0,0,0,4,9,0,0,0,0.6666666666666666,148.6,64240,62643,130853,66748,64105,13085.3,11124.666666666666,16026.25,25180.633002567665,23753.899200388605,26914.19316434175,64240,64240,62643,487,501,487,0,1319689.9890899658,1319689.9890899658,1319689.9890899658,0.0,0.0,0.0,0.0,0.0,6.0,4.0,1044.0,442.0,0.0,0.0,0.0,0.0,0.0,0.0,Syn,Unknow
33194,6,2025-04-01 14:47:48,8,39176.98696088265,262.93279839518556,131.46639919759278,131.46639919759278,1,1,232,66,232.0,232.0,232.0,0.0,66.0,66.0,66.0,0.0,232,66,149.0,83.0,6889.0,32,32,198,198.0,32.0,1,7606.50634765625,7606.50634765625,7606.50634765625,0.0,0.0,0.0,0.0,0.0,0.0,0.0,0.0,0.0,0.0,0.0,1,0,0,0,0,0,0,1,2,0,0,0,1.0,149.0,483,569,1052,483,569,526.0,483.0,569.0,43.0,0.0,0.0,569,483,569,483,483,569,0,7606.50634765625,7606.50634765625,7606.50634765625,0.0,0.0,0.0,0.0,0.0,0,0,0,0,0.0,0.0,0.0,0.0,0.0,0.0,Syn,Unknow
443,17,2025-04-01 14:47:48,192,1494832.931682222,2059.228313005174,954.0222310884732,1105.2060819167011,183,212,17206,269532,1292.0,76.0,94.02185792349727,126.5258329649605,1292.0,70.0,1271.377358490566,150.20752643192023,1292,70,725.9189873417722,603.4895978413978,364199.69470277196,1464,1696,42,60.021857923497265,1237.377358490566,183,486.8513436486878,31473.398208618164,0.0,2338.300856185129,153100.25215148926,46126.365661621094,77.00920104980469,841.2101766565344,3537.9507858824645,160595.41702270508,31473.398208618164,0.0,761.115720486754,2686.532720895295,0,0,0,0,0,0,0,0,0,0,0,0,1.1584699453551912,725.9189873417722,0,0,0,0,0,0,0,0,0,0,0,0,0,0,0,0,0,0,191819.429397583,191819.429397583,191819.429397583,0.0,0.0,0.0,0.0,0.0,0,0,0,0,316.6111111111111,8.38888888888889,13489.529411764706,10.882352941176471,188033.15289916066,10513818.611866556,Syn,Unknow
80,6,2025-04-01 14:47:49,39,17868.59894791435,129.48260107184313,77.68956064310588,51.79304042873725,3,2,388,302,256.0,66.0,129.33333333333334,89.56685895029602,236.0,66.0,151.0,85.0,256,66,138.0,88.40814442120137,7816.0,96,64,32,95.33333333333333,117.0,1,9653.806686401367,38329.124450683594,0.7152557373046875,16555.810924858382,38615.22674560547,38450.95634460449,164.27040100097656,19307.613372802734,19143.342971801758,0.7152557373046875,0.7152557373046875,0.7152557373046875,0.7152557373046875,0.0,1,1,0,0,0,0,0,2,5,0,0,0,0.6666666666666666,138.0,501,484,2471,1503,968,494.2,501.0,484.0,8.328265125462805,0.0,0.0,501,501,484,484,501,484,0,38615.22674560547,38615.22674560547,38615.22674560547,0.0,0.0,0.0,0.0,0.0,0,0,0,0,0.0,0.0,0.0,0.0,0.0,0.0,Syn,Unknow
443,6,2025-04-01 14:47:49,1048,1502.7024641619764,6.678677618497672,3.8163872105700984,2.862290407927574,4,3,859,716,331.0,66.0,214.75,100.7307673950715,386.0,66.0,238.66666666666666,131.8618806007087,386,66,225.0,115.71516754514077,13390.0,128,96,32,180.75,204.66666666666666,3,174685.27952829996,951956.033706665,0.2384185791015625,348296.1174485489,1048111.6771697998,951956.033706665,1114.3684387207031,349370.5590565999,427814.2171859358,59881.92558288574,59881.68716430664,0.2384185791015625,29940.96279144287,29940.72437286377,3,2,0,0,0,0,0,5,7,0,0,0,0.75,225.0,569,480,3828,2388,1440,546.8571428571429,597.0,480.0,61.92721204637534,29.06028217344078,0.0,636,636,480,480,569,480,0,1048111.6771697998,1048111.6771697998,1048111.6771697998,0.0,0.0,0.0,0.0,0.0,0,0,0,0,0.0,0.0,0.0,0.0,0.0,0.0,Syn,Unknow
443,6,2025-04-01 14:47:50,1080,7451.60891797697,16.66612332549521,9.258957403052895,7.407165922442315,10,8,6910,1138,2922.0,66.0,691.0,923.2773147868413,386.0,66.0,142.25,108.4005880980357,2922,66,447.1111111111111,743.7426293856174,553153.0987654319,308,256,32,657.0,108.25,7,63531.48292092716,478527.5459289551,24.7955322265625,127576.35464399909,1080035.2096557617,801654.8156738281,260.1146697998047,120003.91218397353,243593.44139020558,529335.0219726562,328888.4162902832,432.72972106933594,75619.2888532366,107290.25566847275,6,4,0,0,0,0,0,10,18,0,0,0,0.8,447.1111111111111,636,2043,60348,5676,54672,3352.6666666666665,567.6,6834.0,5847.45701613578,118.16700046967426,7422.992253801697,16385,659,16385,255,255,477,0,1080035.2096557617,1080035.2096557617,1080035.2096557617,0.0,0.0,0.0,0.0,0.0,0,0,0,0,4767.0,5.0,610.0,4.0,45092.41455460684,11190.436459859602,Syn,Unknow
80,6,2025-04-01 14:47:50,39,23041.396938812963,128.2928560067537,76.97571360405222,51.31714240270148,3,2,596,302,309.0,66.0,198.66666666666666,100.45341651177867,236.0,66.0,151.0,85.0,309,66,179.6,97.41580980518512,9489.84,96,64,32,164.66666666666666,117.0,2,9743.332862854004,38471.221923828125,0.476837158203125,16586.86161903908,38973.331451416016,38541.79382324219,431.5376281738281,19486.665725708008,19055.12809753418,0.476837158203125,0.476837158203125,0.476837158203125,0.476837158203125,0.0,2,1,0,0,0,0,0,3,5,0,0,0,0.6666666666666666,179.6,501,481,2465,1503,962,493.0,501.0,481.0,9.797958971132712,0.0,0.0,501,501,481,481,501,481,0,38973.331451416016,38973.331451416016,38973.331451416016,0.0,0.0,0.0,0.0,0.0,0,0,0,0,0.0,0.0,0.0,0.0,0.0,0.0,Syn,Unknow
443,17,2025-04-01 14:47:50,148,708030.659800045,755.074497701482,208.9938341852316,546.0806635162504,31,81,5103,99919,1292.0,77.0,164.61290322580646,297.49477386782456,1292.0,70.0,1233.567901234568,256.3329691405978,1292,70,937.6964285714286,548.4065202163595,300749.7114158163,248,648,43,130.61290322580646,1199.567901234568,31,1336.3039171373523,31204.2236328125,0.0,3947.853628854894,137782.57369995117,38495.06378173828,79.15496826171875,4592.752456665039,8736.845908951953,115602.97012329102,37912.36877441406,0.0,1445.0371265411377,4871.810947888942,0,0,0,0,0,0,0,0,0,0,0,0,2.6129032258064515,937.6964285714286,0,0,0,0,0,0,0,0,0,0,0,0,0,0,0,0,0,0,148329.7348022461,148329.7348022461,148329.7348022461,0.0,0.0,0.0,0.0,0.0,0,0,0,0,280.0,7.333333333333333,22849.25,18.5,24366.431016715884,2424021.0103892,Syn,Unknow
